token_input,token_output
HARAXLCOAC,UCXZTFQKNQ
FIYAELHITO,HCTUOLDVIL
ZGRDQNQNND,UJDLDERKVX
YTOTDHHKJR,AVGEROURQC
UZUBPQEKSM,MQAKARVVNR
BQDJDAOAZF,MDQBWEPGWT
BKEWFJITGT,ISENUNRTPS
HVWZNXFENZ,ZKPTSOWGTX
CHUVHKHRXH,VRXMHJUCCY
XUMLKSSEOD,QRLMINODJO
ZBUXOHLURE,LIAHBEGFZG
RWUWDMEANO,VUFMFIZJZK
ZCQZGDVKSA,WMREMZUFMZ
IAWYIBSUAC,HVPABRVXGD
IBNYOYZNNB,LTPHBMGNKF
VCIUVFGVUS,MMTJMJSOOY
MJQHJEWCTO,BPTQSEGQRS
IMGSGDQDEU,UHSWGQYHWR
PTTZSVBUIU,EWFUZDOWNM
RVPSHZHDGK,UKDXEBQBHR
MKNQCSPNJA,HEVPMZGKFO
WWOJYDFKMT,PUHMDWCRUB
BNLBJOCGPC,HBYVTGVHOU
KNHJDRHGAP,ILWMRKKAET
OUBLVUSHNO,PRLTHAWARZ
